drug,region,region_id,delta_eg,is_articulation_point,residual_gc
PSI,Tuberomammillary nucleus ventral part,1,1.1681911873020994,False,
PSI,Inferior colliculus,4,0.8416447044937314,False,
PSI,Principal sensory nucleus of the trigeminal,7,0.2085608759317168,False,
PSI,Interfascicular nucleus raphe,12,1.091755930160076,False,
PSI,Induseum griseum,19,0.5467204398511427,False,
PSI,Anterior amygdalar area,23,0.7754179941767916,False,
PSI,Intergeniculate leaflet of the lateral geniculate complex,27,0.16909664353504184,False,
PSI,Periventricular hypothalamic nucleus anterior part,30,0.3422624325567867,False,
PSI,Paraventricular hypothalamic nucleus,38,0.7709550415743678,False,
PSI,Anterior cingulate area dorsal part,39,-0.04861261730708577,False,
PSI,Infralimbic area,44,0.41567810351400425,False,
PSI,Anterior cingulate area ventral part,48,0.036278412295828844,False,
PSI,Nucleus accumbens,56,0.023182113955520833,False,
PSI,Paraventricular hypothalamic nucleus descending division,63,-0.13582096155997903,False,
PSI,Lateral terminal nucleus of the accessory optic tract,66,-0.12829675055995438,False,
PSI,Anterodorsal preoptic nucleus,72,0.23106000515765146,False,
PSI,Dorsal terminal nucleus of the accessory optic tract,75,0.4401825311332317,False,
PSI,Inferior olivary complex,83,0.05758357123357172,False,
PSI,Anterior hypothalamic nucleus,88,0.03826342477618283,False,
PSI,Interposed nucleus,91,0.3277434488849664,False,
PSI,Dorsal cochlear nucleus,96,-0.01837965154808785,True,0.5296610169491526
PSI,Interpeduncular nucleus,100,0.20762948986544671,False,
PSI,Ventral cochlear nucleus,101,0.2540295598665594,False,
PSI,Agranular insular area dorsal part,104,0.0938975353881375,False,
PSI,Inferior salivatory nucleus,106,0.00992263579285435,False,
PSI,Agranular insular area posterior part,111,0.11005578634694047,False,
PSI,Trochlear nucleus,115,-0.22447271798547774,False,
PSI,Periventricular hypothalamic nucleus intermediate part,118,-0.05731518875466435,False,
PSI,Agranular insular area ventral part,119,0.6543452716096425,False,
PSI,Periventricular hypothalamic nucleus posterior part,126,0.18192081566305518,False,
PSI,Anteromedial nucleus,127,0.05991074963958454,False,
PSI,Midbrain reticular nucleus,128,-0.052643935948204046,False,
PSI,Nucleus ambiguus,135,0.3893427156863041,False,
PSI,Intermediate reticular nucleus,136,-0.16400195061419964,False,
PSI,Pontine reticular nucleus,146,-0.1612356810727178,False,
PSI,Locus ceruleus,147,0.41978805683167053,False,
PSI,Paraventricular nucleus of the thalamus,149,-0.025834214484703466,True,0.5084745762711864
PSI,Accessory olfactory bulb,151,-0.0022930138645520515,False,
PSI,Lateral dorsal nucleus of thalamus,155,0.1011685514595726,False,
PSI,Anterior olfactory nucleus,159,0.6824964796518458,False,
PSI,Nucleus prepositus,169,0.13065674955591078,False,
PSI,Dorsal part of the lateral geniculate complex,170,-0.010689070186067795,True,0.5296610169491526
PSI,Retrochiasmatic area,173,0.4219380791474947,False,
PSI,Nucleus of Roller,177,0.18044931991177293,False,
PSI,Ventral part of the lateral geniculate complex,178,0.06856006026485062,False,
PSI,Nucleus of reuniens,181,0.40723706925124503,False,
PSI,Frontal pole cerebral cortex,184,0.1994718278445049,False,
PSI,Lateral habenula,186,-0.2414205366581612,False,
PSI,Rhomboid nucleus,189,0.005524467049752957,True,0.5127118644067796
PSI,Lateral hypothalamic area,194,-0.20047084340792054,False,
PSI,Rostral linear nucleus raphe,197,-0.122376009849404,False,
PSI,Medial vestibular nucleus,202,0.4685617065571037,False,
PSI,Linear nucleus of the medulla,203,0.2554761046286913,False,
PSI,Nucleus raphe magnus,206,0.32937664166330904,False,
PSI,Area postrema,207,-0.09479819519965105,False,
PSI,Lateral vestibular nucleus,209,0.15115707869086492,False,
PSI,Lateral mammillary nucleus,210,0.0775061579120333,False,
PSI,Red nucleus,214,-0.16574597395231905,True,0.5296610169491526
PSI,Anterior pretectal nucleus,215,0.1360138579229755,False,
PSI,Superior vestibular nucleus,217,-0.07699881372381157,False,
PSI,Lateral posterior nucleus of the thalamus,218,0.06149105122942444,False,
PSI,Lateral preoptic area,226,-0.0041145317877635534,False,
PSI,Nucleus raphe pallidus,230,0.07627922335392157,False,
PSI,Anterior tegmental nucleus,231,0.23531699279283913,False,
PSI,Lateral reticular nucleus,235,0.22374183184985696,False,
PSI,Nucleus raphe pontis,238,-0.18726317156370698,True,0.5296610169491526
PSI,Midbrain reticular nucleus retrorubral area,246,-0.22179870640053423,False,
PSI,Lateral septal nucleus caudal (caudodorsal) part,250,-0.19541758560350786,False,
PSI,Lateral septal nucleus rostral (rostroventral) part,258,0.0783587711076521,False,
PSI,Reticular nucleus of the thalamus,262,0.18313484028413285,False,
PSI,Anteroventral preoptic nucleus,263,0.2896673465752002,False,
PSI,Anteroventral periventricular nucleus,272,0.4547356613349365,False,
PSI,Barrington's nucleus,280,0.09038580625398396,False,
PSI,Suprachiasmatic nucleus,286,-0.06701743280591188,False,
PSI,Bed nucleus of the anterior commissure,287,-0.14202599927591564,False,
PSI,Bed nucleus of the accessory olfactory tract,292,-0.04092265667746631,False,
PSI,Superior colliculus motor related,294,0.009397618117269246,False,
PSI,Basolateral amygdalar nucleus,295,0.43134722830990313,False,
PSI,Magnocellular nucleus,298,0.17738667285820497,False,
PSI,Superior colliculus sensory related,302,0.27767046583059596,False,
PSI,Basomedial amygdalar nucleus,319,-0.07980209602681043,False,
PSI,Suprageniculate nucleus,325,-0.035981388846010987,True,0.5296610169491526
PSI,Primary somatosensory area barrel field,329,0.8768579923006143,False,
PSI,Accessory supraoptic group,332,-0.2027569881261897,False,
PSI,Septohippocampal nucleus,333,-0.17346491312544998,False,
PSI,Primary somatosensory area lower limb,337,-0.05888343502938653,True,0.5211864406779662
PSI,Subfornical organ,338,-0.1619470039480433,False,
PSI,Primary somatosensory area mouth,345,0.809173876912638,False,
PSI,Subparaventricular zone,347,-0.17984986470622033,True,0.5296610169491526
PSI,Subceruleus nucleus,350,0.15351324572965552,True,0.5211864406779662
PSI,Bed nuclei of the stria terminalis,351,0.11989143966992089,False,
PSI,Primary somatosensory area nose,353,0.02817358852706775,False,
PSI,Preparasubthalamic nucleus,356,0.13633601980296817,False,
PSI,Sublaterodorsal nucleus,358,-0.05945343713943885,True,0.5296610169491526
PSI,Primary somatosensory area trunk,361,0.036067634576767205,False,
PSI,Mediodorsal nucleus of thalamus,362,-0.24670660054346882,False,
PSI,Parasubthalamic nucleus,364,-0.15184643954579968,False,
PSI,Submedial nucleus of the thalamus,366,-0.20404153693667126,False,
PSI,Primary somatosensory area upper limb,369,0.14284219658713226,False,
PSI,Infracerebellar nucleus,372,-0.19326926033073022,False,
PSI,Substantia nigra compact part,374,-0.14027301344625442,False,
PSI,Supplemental somatosensory area,378,0.03689940430918881,False,
PSI,Field CA1,382,-0.23300986745092445,False,
PSI,Primary visual area,385,-0.10590091751371489,False,
PSI,Supraoptic nucleus,390,-0.032603649455928974,False,
PSI,Anteromedial visual area,394,0.011145953185312862,True,0.5296610169491526
PSI,Medullary reticular nucleus,395,0.29818289687662514,False,
PSI,Superior olivary complex,398,0.6280038164836554,False,
PSI,Anterolateral visual area,402,-0.24506509438952406,False,
PSI,Medial amygdalar nucleus,403,-0.2155247837069325,False,
PSI,Lateral visual area,409,0.8385831138404782,False,
PSI,Field CA2,423,-0.05515897288101712,False,
PSI,Posterolateral visual area,425,-0.13670519055703778,False,
PSI,Spinal nucleus of the trigeminal oral part,445,0.8867161028689452,False,
PSI,Field CA3,463,-0.20891349485415844,False,
PSI,Medial geniculate complex,475,-0.0752963665305515,False,
PSI,Medial mammillary nucleus,491,-0.19234075001678264,False,
PSI,Subiculum,502,0.01495629459829928,False,
PSI,Main olfactory bulb,507,-0.0003959233684440733,False,
PSI,Medial preoptic nucleus,515,-0.24415592735534375,False,
PSI,Medial preoptic area,523,-0.2209108208681414,False,
PSI,Medial pretectal area,531,-0.20128950917479926,False,
PSI,posteromedial visual area,533,0.2397764813184864,False,
PSI,Central amygdalar nucleus,536,-0.12280306357307325,False,
PSI,Temporal association areas,541,0.1438772253962668,True,0.5084745762711864
PSI,Medial septal nucleus,564,-0.08990638939852147,False,
PSI,Postpiriform transition area,566,-0.18636405265504408,False,
PSI,Tegmental reticular nucleus,574,0.11113288401057275,True,0.5042372881355932
PSI,Central lateral nucleus of the thalamus,575,0.0505010345017709,False,
PSI,Accessory facial motor nucleus,576,-0.046300805398573175,True,0.5084745762711864
PSI,Taenia tecta,589,-0.05248035336081358,False,
PSI,Central linear nucleus raphe,591,-0.25813461023894746,False,
PSI,Diagonal band nucleus,596,-0.11751597040994,False,
PSI,Central medial nucleus of the thalamus,599,-0.08590834072543174,False,
PSI,Subparafascicular area,609,0.41256861125022937,False,
PSI,Nucleus of the lateral lemniscus,612,-0.02417330639020321,False,
PSI,Tuberal nucleus,614,-0.046621422660479084,False,
PSI,Cuneiform nucleus,616,-0.15168665960209893,False,
PSI,Nucleus of the lateral olfactory tract,619,0.2794464125986593,False,
PSI,Motor nucleus of trigeminal,621,0.17306621930532629,False,
PSI,Cortical amygdalar area anterior part,639,0.4324751355059959,False,
PSI,Nucleus of the trapezoid body,642,-0.19273793327838717,False,
PSI,Cortical amygdalar area posterior part,647,0.278857080832033,False,
PSI,Nucleus of the solitary tract,651,-0.17332864834960304,False,
PSI,Abducens nucleus,653,-0.13764877577105494,False,
PSI,Facial motor nucleus,661,-0.19512213446262905,False,
PSI,Caudoputamen,672,-0.05454099816472535,False,
PSI,Visceral area,677,0.5733810840796707,False,
PSI,Superior central nucleus raphe,679,-0.03864970208668694,True,0.5296610169491526
PSI,Ventral medial nucleus of the thalamus,685,-0.17488047594081735,False,
PSI,Ventrolateral preoptic nucleus,689,-0.1893846345960668,False,
PSI,Ventromedial hypothalamic nucleus,693,-0.21435836317603219,False,
PSI,Olivary pretectal nucleus,706,0.1817863611621391,False,
PSI,Cuneate nucleus,711,-0.2496326598828844,False,
PSI,Ventral posterolateral nucleus of the thalamus,718,-0.22352583587630903,False,
PSI,Dentate gyrus,726,0.03280862911795879,True,0.5296610169491526
PSI,Orbital area medial part,731,0.173572518370392,False,
PSI,Ventral posteromedial nucleus of the thalamus,733,-0.21793737814462588,False,
PSI,Orbital area ventrolateral part,746,0.1719563937418016,False,
PSI,Ventral tegmental area,749,-0.09696519130714165,True,0.5127118644067796
PSI,Olfactory tubercle,754,-0.20012654729772095,False,
PSI,Ventral tegmental nucleus,757,-0.19170779240417346,False,
PSI,Vascular organ of the lamina terminalis,763,-0.22677558851078317,False,
PSI,Nucleus x,765,-0.202241626111892,False,
PSI,Hypoglossal nucleus,773,-0.09395296845470114,False,
PSI,Posterior amygdalar nucleus,780,-0.2562400788779087,False,
PSI,Nucleus y,781,-0.1768607582618955,True,0.5296610169491526
PSI,Piriform-amygdalar area,788,0.10244901890665403,True,0.5169491525423728
PSI,Periaqueductal gray,795,0.28422933054890365,False,
PSI,Zona incerta,797,-0.11537799130144322,False,
PSI,Dorsal peduncular area,814,-0.0005063011034209808,True,0.4957627118644068
PSI,Dorsomedial nucleus of the hypothalamus,830,-0.017428577015124347,False,
PSI,Dorsal motor nucleus of the vagus nerve,839,-0.15704439204630916,False,
PSI,Parasubiculum,843,-0.2325373005310638,False,
PSI,Dentate nucleus,846,-0.23755919338808695,False,
PSI,Parvicellular reticular nucleus,852,-0.2538683307402323,False,
PSI,Parasolitary nucleus,859,-0.011249268986915695,False,
PSI,Parabrachial nucleus,867,0.4465845625662439,False,
PSI,Dorsal nucleus raphe,872,-0.0036145963978384543,True,0.5296610169491526
PSI,Parabigeminal nucleus,874,0.14105073288452274,False,
PSI,Retrosplenial area dorsal part,879,0.1071903958283329,False,
PSI,Dorsal tegmental nucleus,880,-0.20963228447200066,False,
PSI,Retrosplenial area ventral part,886,-0.15920477643194886,False,
PSI,Retrosplenial area lateral agranular part,894,0.48716990138268557,False,
PSI,Ectorhinal area,895,-0.1741178111492374,True,0.5296610169491526
PSI,External cuneate nucleus,903,-0.045847834365531526,False,
PSI,Paracentral nucleus,907,-0.180346158449872,False,
PSI,Lingula (I),912,-0.21191554214126995,False,
PSI,Entorhinal area lateral part,918,-0.0010031081604111591,False,
PSI,Central lobule,920,-0.1846605767006153,False,
PSI,Perirhinal area,922,-0.20139168873428304,True,0.5296610169491526
PSI,Entorhinal area medial part dorsal zone,926,-0.19843255378964386,False,
PSI,Culmen,928,0.0932233615394793,False,
PSI,Parafascicular nucleus,930,0.06580107970761162,True,0.4915254237288136
PSI,Pontine gray,931,-0.15453899107738778,False,
PSI,Declive (VI),936,-0.008098709354669609,True,0.5042372881355932
PSI,Folium-tuber vermis (VII),944,-0.035212046991802026,True,0.5211864406779662
PSI,Posterior hypothalamic nucleus,946,0.1373203211702716,False,
PSI,Pyramus (VIII),951,0.09323566167215347,False,
PSI,Uvula (IX),957,-0.2160335459499123,False,
PSI,Piriform area,961,0.35974205147832095,False,
PSI,Nodulus (X),968,-0.20077718706266268,False,
PSI,Paragigantocellular reticular nucleus dorsal part,970,-0.13232451505228227,True,0.5211864406779662
PSI,Prelimbic area,972,0.14094239369670447,False,
PSI,Edinger-Westphal nucleus,975,0.0797358817726348,False,
PSI,Paragigantocellular reticular nucleus lateral part,978,0.026681244937400095,False,
PSI,Dorsal premammillary nucleus,980,0.004796756767518673,False,
PSI,Fasciola cinerea,982,-0.15133140997547656,False,
PSI,Primary motor area,985,0.45509576841975985,False,
PSI,Fastigial nucleus,989,-0.1823281681638136,False,
PSI,Secondary motor area,993,-0.09219629868967161,False,
PSI,Fundus of striatum,998,-0.1359857254798129,False,
PSI,Primary auditory area,1002,-0.10026491232758161,False,
PSI,Ventral premammillary nucleus,1004,-0.0909474552007481,False,
PSI,Simple lobule,1007,0.03408275886532408,False,
PSI,fiber tracts,1009,0.6475556547292669,False,
PSI,Dorsal auditory area,1011,0.5280604317984725,False,
PSI,Ansiform lobule,1017,0.03605797968059932,False,
PSI,Ventral auditory area,1018,0.1637417786795652,False,
PSI,Posterior complex of the thalamus,1020,-0.2128951035698421,False,
PSI,Paramedian lobule,1025,0.028593336226819588,False,
PSI,Posterior auditory area,1027,-0.16540598274465168,False,
PSI,Posterior limiting nucleus of the thalamus,1029,0.16870578026901484,False,
PSI,Copula pyramidis,1033,0.22361712396023137,False,
PSI,Postsubiculum,1037,-0.0224353359617524,False,
PSI,Paraflocculus,1041,-0.17447264232293946,False,
PSI,Flocculus,1049,-0.08074162908120996,False,
PSI,Gustatory areas,1057,-0.07915288498268325,False,
PSI,Parapyramidal nucleus,1069,-0.12436143491174789,False,
PSI,Presubiculum,1084,-0.17153645340719237,False,
PSI,Medullary reticular nucleus dorsal part,1098,-0.014232840696863036,False,
PSI,Intercalated amygdalar nucleus,1105,0.45535698089453547,False,
PSI,Medullary reticular nucleus ventral part,1107,0.37952712046693193,False,
PSI,Parastrial nucleus,1109,0.5166958563946054,False,
PSI,Interanteromedial nucleus of the thalamus,1120,-0.24678509819621297,False,
PSI,Tuberomammillary nucleus dorsal part,1126,-0.1918035342279154,False,
PSI,Median eminence,10671,-0.18998129852780465,False,
KET,Tuberomammillary nucleus ventral part,1,0.8950028501807665,False,
KET,Inferior colliculus,4,0.7413753923846613,False,
KET,Principal sensory nucleus of the trigeminal,7,0.42249139401141633,False,
KET,Interfascicular nucleus raphe,12,0.8686396524299909,False,
KET,Induseum griseum,19,0.7634781736976848,False,
KET,Anterior amygdalar area,23,0.5324738535468754,False,
KET,Intergeniculate leaflet of the lateral geniculate complex,27,0.07455768569363386,False,
KET,Periventricular hypothalamic nucleus anterior part,30,0.34826282740407777,False,
KET,Paraventricular hypothalamic nucleus,38,0.7446482148592182,False,
KET,Anterior cingulate area dorsal part,39,0.0050772667184944,False,
KET,Infralimbic area,44,0.19714523300197584,False,
KET,Anterior cingulate area ventral part,48,0.27712046589071804,False,
KET,Nucleus accumbens,56,-0.03745570306944046,False,
KET,Paraventricular hypothalamic nucleus descending division,63,0.16767350707009143,False,
KET,Lateral terminal nucleus of the accessory optic tract,66,0.19514156964946494,False,
KET,Anterodorsal preoptic nucleus,72,0.37035823324842454,True,0.5677966101694916
KET,Dorsal terminal nucleus of the accessory optic tract,75,0.5040115826966982,False,
KET,Inferior olivary complex,83,0.6636542432925339,False,
KET,Anterior hypothalamic nucleus,88,1.0816902681811058,False,
KET,Interposed nucleus,91,0.376344142981317,False,
KET,Dorsal cochlear nucleus,96,1.074169980190291,False,
KET,Interpeduncular nucleus,100,0.13335511255091603,False,
KET,Ventral cochlear nucleus,101,-0.25790795638215513,False,
KET,Agranular insular area dorsal part,104,0.7430306376444378,False,
KET,Inferior salivatory nucleus,106,0.682294997736598,False,
KET,Agranular insular area posterior part,111,0.16048728618931563,False,
KET,Trochlear nucleus,115,-0.2154764514789136,True,0.673728813559322
KET,Periventricular hypothalamic nucleus intermediate part,118,0.4388064966347045,False,
KET,Agranular insular area ventral part,119,0.297133858298956,False,
KET,Periventricular hypothalamic nucleus posterior part,126,0.24536840470803867,False,
KET,Anteromedial nucleus,127,1.0210485864726024,False,
KET,Midbrain reticular nucleus,128,-0.09079873822183515,False,
KET,Nucleus ambiguus,135,0.4572786126167614,False,
KET,Intermediate reticular nucleus,136,0.5639665629178054,False,
KET,Pontine reticular nucleus,146,0.2060516127985892,False,
KET,Locus ceruleus,147,0.3755222529417992,False,
KET,Paraventricular nucleus of the thalamus,149,-0.02816144742899951,False,
KET,Accessory olfactory bulb,151,0.26026810130434797,False,
KET,Lateral dorsal nucleus of thalamus,155,0.15600575063685085,False,
KET,Anterior olfactory nucleus,159,0.013862457631574898,False,
KET,Nucleus prepositus,169,-0.307843896330283,False,
KET,Dorsal part of the lateral geniculate complex,170,-0.34723271506501874,False,
KET,Retrochiasmatic area,173,-0.138565694319567,False,
KET,Nucleus of Roller,177,-0.05689363997571206,True,0.673728813559322
KET,Ventral part of the lateral geniculate complex,178,-0.26404783115454933,False,
KET,Nucleus of reuniens,181,-0.3132632450342001,False,
KET,Frontal pole cerebral cortex,184,-0.2670968397706375,False,
KET,Lateral habenula,186,-0.1492279809625785,False,
KET,Rhomboid nucleus,189,0.16995213094499206,False,
KET,Lateral hypothalamic area,194,0.037973901603457705,False,
KET,Rostral linear nucleus raphe,197,-0.41225924997375074,False,
KET,Medial vestibular nucleus,202,-0.0780988327700669,False,
KET,Linear nucleus of the medulla,203,0.20731196745116165,False,
KET,Nucleus raphe magnus,206,0.06039771848357134,False,
KET,Area postrema,207,-0.36687658715945304,False,
KET,Lateral vestibular nucleus,209,0.19036399247368507,False,
KET,Lateral mammillary nucleus,210,-0.04183397251633636,False,
KET,Red nucleus,214,-0.2453405451812003,False,
KET,Anterior pretectal nucleus,215,-0.41276526881932796,False,
KET,Superior vestibular nucleus,217,-0.42149444955833104,False,
KET,Lateral posterior nucleus of the thalamus,218,-0.32050548605723606,False,
KET,Lateral preoptic area,226,0.3549943116018923,False,
KET,Nucleus raphe pallidus,230,0.40375200075799,False,
KET,Anterior tegmental nucleus,231,-0.31672177563601167,False,
KET,Lateral reticular nucleus,235,0.3811918728050401,False,
KET,Nucleus raphe pontis,238,0.2758966601257029,False,
KET,Midbrain reticular nucleus retrorubral area,246,-0.09721666692230713,False,
KET,Lateral septal nucleus caudal (caudodorsal) part,250,-0.2201261660670184,False,
KET,Lateral septal nucleus rostral (rostroventral) part,258,0.041522807128984596,False,
KET,Reticular nucleus of the thalamus,262,-0.03295021733786996,False,
KET,Anteroventral preoptic nucleus,263,-0.3651360353555617,False,
KET,Anteroventral periventricular nucleus,272,-0.24761552427198552,False,
KET,Barrington's nucleus,280,0.009882794848671494,True,0.597457627118644
KET,Suprachiasmatic nucleus,286,-0.04216404745199043,False,
KET,Bed nucleus of the anterior commissure,287,0.26712399093491257,False,
KET,Bed nucleus of the accessory olfactory tract,292,-0.15682944057054016,False,
KET,Superior colliculus motor related,294,0.5599822399031353,False,
KET,Basolateral amygdalar nucleus,295,0.28055728141886505,False,
KET,Magnocellular nucleus,298,0.5116336087819562,False,
KET,Superior colliculus sensory related,302,0.23984603532846194,False,
KET,Basomedial amygdalar nucleus,319,0.40475586336410885,True,0.6271186440677966
KET,Suprageniculate nucleus,325,0.543154685178358,False,
KET,Primary somatosensory area barrel field,329,0.5603590804577934,False,
KET,Accessory supraoptic group,332,0.9220531045111144,False,
KET,Septohippocampal nucleus,333,-0.22429803091733902,False,
KET,Primary somatosensory area lower limb,337,0.2713181980870303,False,
KET,Subfornical organ,338,0.25670193860179324,False,
KET,Primary somatosensory area mouth,345,0.8397331699160944,False,
KET,Subparaventricular zone,347,-0.366973023826894,False,
KET,Subceruleus nucleus,350,0.34105151972799774,False,
KET,Bed nuclei of the stria terminalis,351,0.7213764361873487,False,
KET,Primary somatosensory area nose,353,0.039007179591607155,False,
KET,Preparasubthalamic nucleus,356,-0.118006387421147,False,
KET,Sublaterodorsal nucleus,358,-0.2857989647398895,False,
KET,Primary somatosensory area trunk,361,-0.2257133637138793,False,
KET,Mediodorsal nucleus of thalamus,362,0.063593404802333,False,
KET,Parasubthalamic nucleus,364,0.9224203057939846,False,
KET,Submedial nucleus of the thalamus,366,-0.4135080510466338,False,
KET,Primary somatosensory area upper limb,369,0.08722395513937187,True,0.614406779661017
KET,Infracerebellar nucleus,372,-0.37468633375552685,False,
KET,Substantia nigra compact part,374,-0.19896338519085077,True,0.6610169491525424
KET,Supplemental somatosensory area,378,0.17866219911758918,False,
KET,Field CA1,382,-0.41606040983898396,False,
KET,Primary visual area,385,0.6142821967335479,False,
KET,Supraoptic nucleus,390,-0.0006897451996650261,False,
KET,Anteromedial visual area,394,-0.013481950825152467,False,
KET,Medullary reticular nucleus,395,-0.2599558855080133,False,
KET,Superior olivary complex,398,0.2730223093494786,False,
KET,Anterolateral visual area,402,0.6853402068558339,False,
KET,Medial amygdalar nucleus,403,0.024752117599412315,False,
KET,Lateral visual area,409,1.0014623985327091,False,
KET,Field CA2,423,0.32821681991469376,False,
KET,Posterolateral visual area,425,0.19000533058604674,True,0.6313559322033898
KET,Spinal nucleus of the trigeminal oral part,445,0.6952023930599367,False,
KET,Field CA3,463,-0.34391115007320394,False,
KET,Medial geniculate complex,475,-0.009462792774264983,False,
KET,Medial mammillary nucleus,491,0.13483129953431217,False,
KET,Subiculum,502,-0.015731409825491482,False,
KET,Main olfactory bulb,507,0.17523179565605318,False,
KET,Medial preoptic nucleus,515,0.40336852268642076,False,
KET,Medial preoptic area,523,0.2892635832163464,False,
KET,Medial pretectal area,531,-0.23976236602273815,False,
KET,posteromedial visual area,533,-0.0354414343795213,False,
KET,Central amygdalar nucleus,536,0.020141658920792338,False,
KET,Temporal association areas,541,0.004693443904116634,True,0.6652542372881356
KET,Medial septal nucleus,564,0.05187125658405023,False,
KET,Postpiriform transition area,566,0.13871999674464774,True,0.6186440677966102
KET,Tegmental reticular nucleus,574,0.2770839838374499,False,
KET,Central lateral nucleus of the thalamus,575,0.8487362733518466,False,
KET,Accessory facial motor nucleus,576,-0.03676088492512264,False,
KET,Taenia tecta,589,0.10313697700664193,True,0.6101694915254238
KET,Central linear nucleus raphe,591,-0.4030361592424896,False,
KET,Diagonal band nucleus,596,-0.014258796369425397,False,
KET,Central medial nucleus of the thalamus,599,-0.1981933552026618,True,0.6652542372881356
KET,Subparafascicular area,609,0.05697886208701419,False,
KET,Nucleus of the lateral lemniscus,612,0.37616061826881975,False,
KET,Tuberal nucleus,614,-0.3990812415935636,False,
KET,Cuneiform nucleus,616,-0.32374445437301347,False,
KET,Nucleus of the lateral olfactory tract,619,-0.31763854175458306,False,
KET,Motor nucleus of trigeminal,621,0.08541428596180367,False,
KET,Cortical amygdalar area anterior part,639,0.4425669344670595,False,
KET,Nucleus of the trapezoid body,642,-0.2084069319852162,False,
KET,Cortical amygdalar area posterior part,647,0.15044738915826628,False,
KET,Nucleus of the solitary tract,651,0.192494097326545,False,
KET,Abducens nucleus,653,-0.359265532031678,False,
KET,Facial motor nucleus,661,-0.4072883577113018,False,
KET,Caudoputamen,672,-0.19202724432448548,False,
KET,Visceral area,677,-0.08797060833035886,False,
KET,Superior central nucleus raphe,679,0.25960997272483155,False,
KET,Ventral medial nucleus of the thalamus,685,-0.24968700564362223,False,
KET,Ventrolateral preoptic nucleus,689,-0.35262366948368395,False,
KET,Ventromedial hypothalamic nucleus,693,0.09831293309166966,True,0.6652542372881356
KET,Olivary pretectal nucleus,706,-0.3341950263467197,False,
KET,Cuneate nucleus,711,-0.28864574999617076,False,
KET,Ventral posterolateral nucleus of the thalamus,718,-0.34740527768948937,False,
KET,Dentate gyrus,726,0.017305428401776624,False,
KET,Orbital area medial part,731,0.12123338491672087,False,
KET,Ventral posteromedial nucleus of the thalamus,733,-0.03244850009171785,True,0.6567796610169492
KET,Orbital area ventrolateral part,746,-0.17393879964793513,False,
KET,Ventral tegmental area,749,-0.4176713958937839,False,
KET,Olfactory tubercle,754,0.45295610655865204,False,
KET,Ventral tegmental nucleus,757,-0.35082322095915686,False,
KET,Vascular organ of the lamina terminalis,763,-0.3843057254659499,False,
KET,Nucleus x,765,-0.4015588657484699,False,
KET,Hypoglossal nucleus,773,-0.38279821938410663,False,
KET,Posterior amygdalar nucleus,780,-0.03357475658820874,False,
KET,Nucleus y,781,-0.39782555915873985,False,
KET,Piriform-amygdalar area,788,0.09305169133786251,True,0.6271186440677966
KET,Periaqueductal gray,795,-0.14080155961230645,False,
KET,Zona incerta,797,0.6130925905886286,False,
KET,Dorsal peduncular area,814,0.8501161052826944,False,
KET,Dorsomedial nucleus of the hypothalamus,830,0.08336323999525064,False,
KET,Dorsal motor nucleus of the vagus nerve,839,-0.22959217844582014,False,
KET,Parasubiculum,843,-0.015496402881431948,False,
KET,Dentate nucleus,846,-0.2526884686709323,False,
KET,Parvicellular reticular nucleus,852,-0.07688846798586724,False,
KET,Parasolitary nucleus,859,0.21940225829963822,False,
KET,Parabrachial nucleus,867,0.660352162698814,False,
KET,Dorsal nucleus raphe,872,-0.0017509156877437704,False,
KET,Parabigeminal nucleus,874,-0.27800495792362767,False,
KET,Retrosplenial area dorsal part,879,0.36277260315866044,False,
KET,Dorsal tegmental nucleus,880,-0.2218867634534618,False,
KET,Retrosplenial area ventral part,886,0.4899382810554087,False,
KET,Retrosplenial area lateral agranular part,894,0.39260623656109317,False,
KET,Ectorhinal area,895,0.2629068111861699,False,
KET,External cuneate nucleus,903,-0.10019909919297731,False,
KET,Paracentral nucleus,907,-0.1759534654826993,True,0.6652542372881356
KET,Lingula (I),912,0.5953955597877894,False,
KET,Entorhinal area lateral part,918,0.783765591303009,False,
KET,Central lobule,920,-0.0650323831903421,False,
KET,Perirhinal area,922,0.7576152966978711,False,
KET,Entorhinal area medial part dorsal zone,926,-0.19927187342565844,False,
KET,Culmen,928,0.28116042968299837,True,0.5635593220338984
KET,Parafascicular nucleus,930,0.4448783191636707,False,
KET,Pontine gray,931,-0.05027468212671948,False,
KET,Declive (VI),936,0.04007812233152208,False,
KET,Folium-tuber vermis (VII),944,-0.17813960813217733,True,0.6610169491525424
KET,Posterior hypothalamic nucleus,946,-0.32641292891005236,False,
KET,Pyramus (VIII),951,-0.3133460035951572,False,
KET,Uvula (IX),957,0.006382323716792371,False,
KET,Piriform area,961,-0.13124831475833787,True,0.6567796610169492
KET,Nodulus (X),968,-0.2658643966780474,False,
KET,Paragigantocellular reticular nucleus dorsal part,970,-0.048608171213068374,False,
KET,Prelimbic area,972,0.6452544149161525,False,
KET,Edinger-Westphal nucleus,975,0.5338859870598398,False,
KET,Paragigantocellular reticular nucleus lateral part,978,0.19098721079915038,False,
KET,Dorsal premammillary nucleus,980,-0.2970478516582844,False,
KET,Fasciola cinerea,982,-0.023814372089930202,False,
KET,Primary motor area,985,-0.0077495142206842615,False,
KET,Fastigial nucleus,989,-0.30029043828842106,False,
KET,Secondary motor area,993,-0.37494510686278204,False,
KET,Fundus of striatum,998,-0.38674426814018403,False,
KET,Primary auditory area,1002,0.11015595616495233,False,
KET,Ventral premammillary nucleus,1004,-0.19739750888390262,False,
KET,Simple lobule,1007,-0.3340074312346104,False,
KET,fiber tracts,1009,1.053079466726338,False,
KET,Dorsal auditory area,1011,-0.007876602522053133,False,
KET,Ansiform lobule,1017,-0.38796552596637923,False,
KET,Ventral auditory area,1018,-0.008713289812639857,False,
KET,Posterior complex of the thalamus,1020,0.5574773337187366,False,
KET,Paramedian lobule,1025,-0.2445094741795657,True,0.673728813559322
KET,Posterior auditory area,1027,0.009778307185591473,False,
KET,Posterior limiting nucleus of the thalamus,1029,-0.2124866861583925,False,
KET,Copula pyramidis,1033,-0.3455598998572711,False,
KET,Postsubiculum,1037,-0.2890553481233269,True,0.673728813559322
KET,Paraflocculus,1041,-0.30059130916858123,False,
KET,Flocculus,1049,-0.25362670505511176,False,
KET,Gustatory areas,1057,-0.059633868363278,False,
KET,Parapyramidal nucleus,1069,0.3104432199204368,False,
KET,Presubiculum,1084,-0.10509949937024032,True,0.6483050847457628
KET,Medullary reticular nucleus dorsal part,1098,-0.2503753059180909,False,
KET,Intercalated amygdalar nucleus,1105,-0.40086113706720994,False,
KET,Medullary reticular nucleus ventral part,1107,-0.24941576292022916,False,
KET,Parastrial nucleus,1109,-0.38064925885987577,False,
KET,Interanteromedial nucleus of the thalamus,1120,-0.035970936486052096,False,
KET,Tuberomammillary nucleus dorsal part,1126,-0.331806951980397,False,
KET,Median eminence,10671,-0.19649936598095508,False,
SAL,Tuberomammillary nucleus ventral part,1,0.8128689075944919,False,
SAL,Inferior colliculus,4,0.2474491074576406,False,
SAL,Principal sensory nucleus of the trigeminal,7,-0.3140959405851689,False,
SAL,Interfascicular nucleus raphe,12,-0.13787038237873617,False,
SAL,Induseum griseum,19,0.10243798261983272,False,
SAL,Anterior amygdalar area,23,-0.30822918383208986,False,
SAL,Intergeniculate leaflet of the lateral geniculate complex,27,-0.3238480991123467,False,
SAL,Periventricular hypothalamic nucleus anterior part,30,0.677190548072879,False,
SAL,Paraventricular hypothalamic nucleus,38,0.2214523052817441,False,
SAL,Anterior cingulate area dorsal part,39,-0.03510775928408805,False,
SAL,Infralimbic area,44,-0.0033381305792943294,False,
SAL,Anterior cingulate area ventral part,48,0.057802899527587215,False,
SAL,Nucleus accumbens,56,-0.09954527983921224,False,
SAL,Paraventricular hypothalamic nucleus descending division,63,0.9001866201432023,False,
SAL,Lateral terminal nucleus of the accessory optic tract,66,-0.2580138804944525,True,0.5296610169491526
SAL,Anterodorsal preoptic nucleus,72,-0.22298751881843515,False,
SAL,Dorsal terminal nucleus of the accessory optic tract,75,-0.24335627797599813,False,
SAL,Inferior olivary complex,83,-0.2642797510779147,False,
SAL,Anterior hypothalamic nucleus,88,-0.1950742832048391,False,
SAL,Interposed nucleus,91,-0.22835300747519938,True,0.5296610169491526
SAL,Dorsal cochlear nucleus,96,0.5429223604612261,False,
SAL,Interpeduncular nucleus,100,0.5746099511374609,False,
SAL,Ventral cochlear nucleus,101,-0.301398068199795,False,
SAL,Agranular insular area dorsal part,104,0.3937367659887414,False,
SAL,Inferior salivatory nucleus,106,0.23869587272550064,False,
SAL,Agranular insular area posterior part,111,-0.1854451939418027,False,
SAL,Trochlear nucleus,115,0.2018717352064101,False,
SAL,Periventricular hypothalamic nucleus intermediate part,118,-0.19165849421418102,False,
SAL,Agranular insular area ventral part,119,0.0209064008527875,True,0.5127118644067796
SAL,Periventricular hypothalamic nucleus posterior part,126,0.4008199468988636,False,
SAL,Anteromedial nucleus,127,0.4528962348831769,False,
SAL,Midbrain reticular nucleus,128,0.38609588370316317,False,
SAL,Nucleus ambiguus,135,-0.27414430635587195,False,
SAL,Intermediate reticular nucleus,136,0.22600331056335676,False,
SAL,Pontine reticular nucleus,146,0.879106385872511,False,
SAL,Locus ceruleus,147,0.9743615439296462,False,
SAL,Paraventricular nucleus of the thalamus,149,0.5938948868658116,False,
SAL,Accessory olfactory bulb,151,0.15622420321980712,False,
SAL,Lateral dorsal nucleus of thalamus,155,0.16044013642712684,False,
SAL,Anterior olfactory nucleus,159,0.6597334371844212,False,
SAL,Nucleus prepositus,169,0.5396647115941278,False,
SAL,Dorsal part of the lateral geniculate complex,170,0.07596147828191846,False,
SAL,Retrochiasmatic area,173,-0.3224511750147343,False,
SAL,Nucleus of Roller,177,-0.25349861567121934,False,
SAL,Ventral part of the lateral geniculate complex,178,-0.06578544264073827,False,
SAL,Nucleus of reuniens,181,0.22153611175846777,False,
SAL,Frontal pole cerebral cortex,184,-0.13682154318061635,False,
SAL,Lateral habenula,186,-0.3137066021790176,True,0.5296610169491526
SAL,Rhomboid nucleus,189,0.738712193143158,False,
SAL,Lateral hypothalamic area,194,0.31075292584169034,False,
SAL,Rostral linear nucleus raphe,197,-0.08055263279808855,False,
SAL,Medial vestibular nucleus,202,-0.2636961031407026,False,
SAL,Linear nucleus of the medulla,203,-0.008015448074722542,False,
SAL,Nucleus raphe magnus,206,0.22629444947357058,False,
SAL,Area postrema,207,-0.1690464377401497,True,0.5296610169491526
SAL,Lateral vestibular nucleus,209,0.3428150117983648,False,
SAL,Lateral mammillary nucleus,210,0.5436443498977468,False,
SAL,Red nucleus,214,-0.2791626272363743,False,
SAL,Anterior pretectal nucleus,215,-0.32556331853895415,False,
SAL,Superior vestibular nucleus,217,-0.16956363278329434,False,
SAL,Lateral posterior nucleus of the thalamus,218,-0.0950374367022988,False,
SAL,Lateral preoptic area,226,-0.2854758247702307,False,
SAL,Nucleus raphe pallidus,230,-0.2586330611008876,False,
SAL,Anterior tegmental nucleus,231,-0.34690688276625536,False,
SAL,Lateral reticular nucleus,235,0.0005354334475455858,False,
SAL,Nucleus raphe pontis,238,-0.3379292133590539,False,
SAL,Midbrain reticular nucleus retrorubral area,246,-0.3235116296964904,False,
SAL,Lateral septal nucleus caudal (caudodorsal) part,250,0.3042687925636045,False,
SAL,Lateral septal nucleus rostral (rostroventral) part,258,-0.2500634123471528,False,
SAL,Reticular nucleus of the thalamus,262,-0.33350222184323286,False,
SAL,Anteroventral preoptic nucleus,263,-0.2602526818384163,False,
SAL,Anteroventral periventricular nucleus,272,-0.33037587165375726,False,
SAL,Barrington's nucleus,280,-0.2536921967972958,False,
SAL,Suprachiasmatic nucleus,286,-0.32785491288888124,False,
SAL,Bed nucleus of the anterior commissure,287,-0.15192718317015164,False,
SAL,Bed nucleus of the accessory olfactory tract,292,-0.30474277723967447,True,0.5296610169491526
SAL,Superior colliculus motor related,294,0.18948404670455687,False,
SAL,Basolateral amygdalar nucleus,295,-0.04894393197130853,False,
SAL,Magnocellular nucleus,298,-0.12413463525694368,False,
SAL,Superior colliculus sensory related,302,0.23752336067965274,False,
SAL,Basomedial amygdalar nucleus,319,-0.31990011938867724,False,
SAL,Suprageniculate nucleus,325,-0.2865916745152006,False,
SAL,Primary somatosensory area barrel field,329,0.00869334706539604,False,
SAL,Accessory supraoptic group,332,-0.07268509201141882,False,
SAL,Septohippocampal nucleus,333,-0.29352033675042577,False,
SAL,Primary somatosensory area lower limb,337,-0.052319202681907484,False,
SAL,Subfornical organ,338,0.09281518146541146,False,
SAL,Primary somatosensory area mouth,345,0.2753760511538985,False,
SAL,Subparaventricular zone,347,-0.2985109911781407,False,
SAL,Subceruleus nucleus,350,-0.062347281881343974,False,
SAL,Bed nuclei of the stria terminalis,351,0.07253014430060745,False,
SAL,Primary somatosensory area nose,353,0.550080755382325,False,
SAL,Preparasubthalamic nucleus,356,0.3386672474213839,False,
SAL,Sublaterodorsal nucleus,358,-0.16460572335288504,False,
SAL,Primary somatosensory area trunk,361,-0.35149044581653044,False,
SAL,Mediodorsal nucleus of thalamus,362,-0.06185820102375317,False,
SAL,Parasubthalamic nucleus,364,0.57069779310131,False,
SAL,Submedial nucleus of the thalamus,366,0.21622265429886056,False,
SAL,Primary somatosensory area upper limb,369,-0.23374935993149393,True,0.5296610169491526
SAL,Infracerebellar nucleus,372,-0.23876505739722376,False,
SAL,Substantia nigra compact part,374,-0.058927141147989914,False,
SAL,Supplemental somatosensory area,378,0.6579296419441647,False,
SAL,Field CA1,382,-0.29588254810575876,False,
SAL,Primary visual area,385,0.04209473133887798,False,
SAL,Supraoptic nucleus,390,-0.29582283001920473,False,
SAL,Anteromedial visual area,394,-0.0996957434473913,False,
SAL,Medullary reticular nucleus,395,0.29242658274135636,False,
SAL,Superior olivary complex,398,0.24119845385873617,False,
SAL,Anterolateral visual area,402,-0.2437560051290717,False,
SAL,Medial amygdalar nucleus,403,0.1528810263908298,False,
SAL,Lateral visual area,409,0.5424626270149204,False,
SAL,Field CA2,423,0.6457959744282888,False,
SAL,Posterolateral visual area,425,-0.18782017812846163,False,
SAL,Spinal nucleus of the trigeminal oral part,445,0.22805248899123853,False,
SAL,Field CA3,463,-0.3114791666441761,False,
SAL,Medial geniculate complex,475,-0.04986378263047442,True,0.4703389830508475
SAL,Medial mammillary nucleus,491,-0.30929201912303483,False,
SAL,Subiculum,502,-0.11816947503219666,True,0.5296610169491526
SAL,Main olfactory bulb,507,0.035811540192987934,False,
SAL,Medial preoptic nucleus,515,0.1776639581520456,False,
SAL,Medial preoptic area,523,0.02763964184541834,False,
SAL,Medial pretectal area,531,0.29121774509680165,False,
SAL,posteromedial visual area,533,0.13234762125853905,False,
SAL,Central amygdalar nucleus,536,0.1686170425431257,True,0.5
SAL,Temporal association areas,541,-0.22896590961441632,False,
SAL,Medial septal nucleus,564,0.5204687582012824,False,
SAL,Postpiriform transition area,566,0.38358967744213146,False,
SAL,Tegmental reticular nucleus,574,-0.14852667342945125,False,
SAL,Central lateral nucleus of the thalamus,575,-0.08409745125443635,True,0.5296610169491526
SAL,Accessory facial motor nucleus,576,-0.2065547406294641,False,
SAL,Taenia tecta,589,0.02099018938860553,False,
SAL,Central linear nucleus raphe,591,-0.3230150668727205,False,
SAL,Diagonal band nucleus,596,-0.2853159436222228,False,
SAL,Central medial nucleus of the thalamus,599,-0.09823961896270106,False,
SAL,Subparafascicular area,609,-0.12327689499579719,False,
SAL,Nucleus of the lateral lemniscus,612,-0.1560933113222589,True,0.5296610169491526
SAL,Tuberal nucleus,614,-0.19477584253834124,True,0.5296610169491526
SAL,Cuneiform nucleus,616,-0.2606506860486917,False,
SAL,Nucleus of the lateral olfactory tract,619,-0.2577174443051504,False,
SAL,Motor nucleus of trigeminal,621,0.09587557958522552,False,
SAL,Cortical amygdalar area anterior part,639,0.8814120358602509,False,
SAL,Nucleus of the trapezoid body,642,0.7166656986780069,False,
SAL,Cortical amygdalar area posterior part,647,-0.2632188218314937,False,
SAL,Nucleus of the solitary tract,651,0.5187715308218515,False,
SAL,Abducens nucleus,653,0.054727090639467235,True,0.4661016949152542
SAL,Facial motor nucleus,661,0.2721433125086392,False,
SAL,Caudoputamen,672,-0.33937212429898267,False,
SAL,Visceral area,677,-0.18466758862184207,False,
SAL,Superior central nucleus raphe,679,-0.31763570109668393,False,
SAL,Ventral medial nucleus of the thalamus,685,0.004851718791734072,False,
SAL,Ventrolateral preoptic nucleus,689,-0.03772008488538603,False,
SAL,Ventromedial hypothalamic nucleus,693,-0.24631488133266544,False,
SAL,Olivary pretectal nucleus,706,0.021077665116777666,False,
SAL,Cuneate nucleus,711,0.06035168236977739,False,
SAL,Ventral posterolateral nucleus of the thalamus,718,-0.15127396922957814,False,
SAL,Dentate gyrus,726,0.5377811850425687,False,
SAL,Orbital area medial part,731,0.09564944746549742,False,
SAL,Ventral posteromedial nucleus of the thalamus,733,-0.13718129976856375,False,
SAL,Orbital area ventrolateral part,746,-0.16403326874423385,False,
SAL,Ventral tegmental area,749,0.08993501677379356,False,
SAL,Olfactory tubercle,754,-0.2779672433611182,False,
SAL,Ventral tegmental nucleus,757,0.9119852692671486,False,
SAL,Vascular organ of the lamina terminalis,763,-0.30326020072357096,False,
SAL,Nucleus x,765,0.006602021357650756,False,
SAL,Hypoglossal nucleus,773,-0.21833517762699728,False,
SAL,Posterior amygdalar nucleus,780,-0.13766793136787214,False,
SAL,Nucleus y,781,-0.2950644858330378,False,
SAL,Piriform-amygdalar area,788,0.9794054003402053,False,
SAL,Periaqueductal gray,795,0.704036232144567,False,
SAL,Zona incerta,797,-0.19578749508010418,False,
SAL,Dorsal peduncular area,814,0.4460552056257967,False,
SAL,Dorsomedial nucleus of the hypothalamus,830,-0.1465826044855234,True,0.5296610169491526
SAL,Dorsal motor nucleus of the vagus nerve,839,0.8702959341800209,False,
SAL,Parasubiculum,843,0.2071611662585724,False,
SAL,Dentate nucleus,846,-0.2340710954482006,True,0.5296610169491526
SAL,Parvicellular reticular nucleus,852,-0.010022177010661437,False,
SAL,Parasolitary nucleus,859,0.13336272714703767,False,
SAL,Parabrachial nucleus,867,0.1758183082227518,False,
SAL,Dorsal nucleus raphe,872,-0.34085332532558965,False,
SAL,Parabigeminal nucleus,874,-0.2776543539615872,False,
SAL,Retrosplenial area dorsal part,879,-0.2286601489173279,False,
SAL,Dorsal tegmental nucleus,880,-0.31046735966308603,False,
SAL,Retrosplenial area ventral part,886,-0.22992850901413675,False,
SAL,Retrosplenial area lateral agranular part,894,-0.05671027819243335,False,
SAL,Ectorhinal area,895,0.024488046447380896,False,
SAL,External cuneate nucleus,903,-0.2606600164589423,False,
SAL,Paracentral nucleus,907,0.09266687566878318,False,
SAL,Lingula (I),912,-0.06672291655523566,False,
SAL,Entorhinal area lateral part,918,0.44383763699779166,False,
SAL,Central lobule,920,0.3837236964728774,False,
SAL,Perirhinal area,922,0.13341504375897983,True,0.5084745762711864
SAL,Entorhinal area medial part dorsal zone,926,-0.28050432921298807,False,
SAL,Culmen,928,0.6160684460959587,False,
SAL,Parafascicular nucleus,930,0.08802014190316498,False,
SAL,Pontine gray,931,0.21520143099604638,False,
SAL,Declive (VI),936,0.6731427858347274,False,
SAL,Folium-tuber vermis (VII),944,-0.3322485231317387,False,
SAL,Posterior hypothalamic nucleus,946,-0.31683556651219646,False,
SAL,Pyramus (VIII),951,-0.06225962611620872,False,
SAL,Uvula (IX),957,0.5554453233071328,False,
SAL,Piriform area,961,0.3507785664040739,False,
SAL,Nodulus (X),968,-0.0074365107041529654,True,0.5296610169491526
SAL,Paragigantocellular reticular nucleus dorsal part,970,0.26277082338123137,False,
SAL,Prelimbic area,972,0.7766245233208195,False,
SAL,Edinger-Westphal nucleus,975,0.14778479389732269,False,
SAL,Paragigantocellular reticular nucleus lateral part,978,0.46607994828909227,False,
SAL,Dorsal premammillary nucleus,980,0.7935575450547674,False,
SAL,Fasciola cinerea,982,-0.10438176754814066,False,
SAL,Primary motor area,985,0.6707235780036882,False,
SAL,Fastigial nucleus,989,-0.27547214652458507,False,
SAL,Secondary motor area,993,0.6307043850387615,False,
SAL,Fundus of striatum,998,-0.08782833109743393,False,
SAL,Primary auditory area,1002,-0.14751531221919123,False,
SAL,Ventral premammillary nucleus,1004,0.7458755685984784,False,
SAL,Simple lobule,1007,0.5491028545202283,False,
SAL,fiber tracts,1009,0.9343087062059752,False,
SAL,Dorsal auditory area,1011,-0.20682189516443827,False,
SAL,Ansiform lobule,1017,0.09308920003419274,False,
SAL,Ventral auditory area,1018,-0.13300377860304735,False,
SAL,Posterior complex of the thalamus,1020,-0.311624238692751,False,
SAL,Paramedian lobule,1025,0.8025231315517942,False,
SAL,Posterior auditory area,1027,0.5192044889321465,False,
SAL,Posterior limiting nucleus of the thalamus,1029,0.24992993268926966,False,
SAL,Copula pyramidis,1033,-0.04506502529395817,False,
SAL,Postsubiculum,1037,-0.08267704266330611,True,0.5211864406779662
SAL,Paraflocculus,1041,0.28779776398620527,False,
SAL,Flocculus,1049,0.23116573513101457,False,
SAL,Gustatory areas,1057,0.09790176246390558,False,
SAL,Parapyramidal nucleus,1069,0.11700446234046069,False,
SAL,Presubiculum,1084,-0.29880018986462176,False,
SAL,Medullary reticular nucleus dorsal part,1098,0.45041377629402035,False,
SAL,Intercalated amygdalar nucleus,1105,-0.2408608047180678,False,
SAL,Medullary reticular nucleus ventral part,1107,0.29113980577059095,False,
SAL,Parastrial nucleus,1109,0.16676156050522906,False,
SAL,Interanteromedial nucleus of the thalamus,1120,-0.17200377566943814,False,
SAL,Tuberomammillary nucleus dorsal part,1126,-0.19054968498948455,False,
SAL,Median eminence,10671,0.6077626284271958,False,
